Source,F,p-unc
source_site,8.582173829464562,0.0002326916592136779
