Source,H,p-unc
source_site,5.557476838380466,0.06211682335831429
