W,pval,equal_var
13.864357718257274,1.6561997104560433e-06,False
