W,pval,normal,Plateforme
0.7598526511075431,2.037711228662077e-19,False,jumia_ma
0.8555425337793429,3.061364328486877e-05,False,electroplanet
0.9184509636641945,0.12135819620244803,True,amazon_fr
